{
  "Disabled": false,
  "Testing": false,
  "ScheduledForDeletion": false,
  "InstalledFromUrl": "",
  "IsThirdParty": false,
  "EffectiveVersion": "1.2.2.0",
  "IsAvailableForTesting": false,
  "Author": "Windmourn (Updated by Vee)",
  "Name": "SkipCutscene",
  "Punchline": "Help you skip cutscene from Duty Roulette: Main Scenario.",
  "Description": "A plugin which could help you skip cutscene from Duty Roulette: Main Scenario.",
  "Changelog": null,
  "Tags": null,
  "CategoryTags": null,
  "IsHide": false,
  "InternalName": "SkipCutscene",
  "AssemblyVersion": "1.2.2.0",
  "TestingAssemblyVersion": null,
  "IsTestingExclusive": false,
  "RepoUrl": "https://github.com/Marxvee/DalamudPlugins",
  "ApplicableVersion": "any",
  "DalamudApiLevel": 8,
  "DownloadCount": 0,
  "LastUpdate": 0,
	"DownloadLinkTesting": "https://github.com/Marxvee/DalamudPlugins/raw/dist/latest.zip",
	"DownloadLinkInstall": "https://github.com/Marxvee/DalamudPlugins/raw/dist/latest.zip",
	"DownloadLinkUpdate": "https://github.com/Marxvee/DalamudPlugins/raw/dist/latest.zip",
  "LoadRequiredState": 0,
  "LoadSync": false,
  "LoadPriority": 0,
  "CanUnloadAsync": false,
  "ImageUrls": null,
  "IconUrl": null,
  "AcceptsFeedback": true,
  "FeedbackMessage": null,
  "_isDip17Plugin": false,
  "_Dip17Channel": null
}
