{
  "Author": "Windmourn (Updated by Marxvee)",
  "Name": "Speedtorium",
  "InternalName": "SkipCutscene",
  "AssemblyVersion": "1.2.2.0",
  "Description": "Automatically skips cutscenes from duties in Duty Roulette: Main Scenario.",
  "ApplicableVersion": "any",
  "RepoUrl": "https://github.com/Marxvee/DalamudPlugins",
  "DalamudApiLevel": 8,
  "LoadRequiredState": 0,
  "LoadSync": false,
  "LoadPriority": 0,
  "Punchline": "Skips cutscenes in Duty Roulette: Main Scenario.",
  "AcceptsFeedback": true
}